Drive,Predicted_TTF,Status,smart_1_raw,smart_3_raw,smart_4_raw,smart_5_raw,smart_7_raw,smart_9_raw,smart_10_raw,smart_12_raw,smart_192_raw,smart_193_raw,smart_194_raw,smart_197_raw,smart_198_raw,smart_199_raw,smart_240_raw,issues
28,89.52,preventative measures,0,4058,61,0,0.0,35897,0,59,17.0,43.0,37.0,0,0,0,0.0,{'SMART 3: Spin-Up Time': 'Warning'}
33,92.52,preventative measures,112868392,0,3,0,4.8391576e-317,938,0,3,0.0,30530.0,27.0,0,0,0,3.45e-321,{}
41,146.43,preventative measures,197660544,0,8,0,2.1719563e-315,8269,0,8,0.0,2356.0,23.0,0,0,0,4.075e-320,{}
43,99.57,preventative measures,100086048,0,2,0,1.21469905e-315,6346,0,2,0.0,19492.0,20.0,0,0,0,3.076e-320,{}
57,86.79,preventative measures,0,4133,16,0,0.0,36259,0,15,6.0,9.0,29.0,0,0,0,0.0,{'SMART 3: Spin-Up Time': 'Warning'}
73,108.3,preventative measures,140764072,0,13,0,3.077317134e-315,26775,0,13,0.0,140266.0,33.0,0,0,0,8.3776393840466e-310,{}
86,102.18,preventative measures,0,650,136,0,0.0,2486,0,136,38.0,25907.0,30.0,0,0,0,0.0,{}
90,115.32,preventative measures,234302552,0,10,0,1.680604773e-315,17363,0,10,7.0,7485.0,26.0,0,0,0,8.5617e-320,{}
108,146.47,preventative measures,76062568,0,2,0,6.8620807e-316,2269,0,2,0.0,2102.0,23.0,0,0,0,1.117e-320,{}
126,91.92,preventative measures,0,0,4,0,0.0,10951,0,4,134.0,134.0,22.0,0,0,0,0.0,{}
144,82.68,preventative measures,194949336,0,13,0,6.3502174e-316,16351,0,13,2.0,28183.0,23.0,0,0,2,8.0207e-320,{}
146,90.37,preventative measures,115686024,0,1,0,2.840018555e-315,9511,0,1,0.0,86.0,33.0,0,0,0,4.6986e-320,{}
151,89.46,preventative measures,87730256,0,56,672,3.017957503e-315,23486,0,56,26.0,179122.0,35.0,0,0,0,1.08582524736414e-310,{'SMART 5: Reallocated Sectors Count': 'Critical'}
164,137.52,preventative measures,201239696,0,4,0,2.70583485e-316,1405,0,4,0.0,10238.0,33.0,0,0,0,6.324e-321,{}
179,96.06,preventative measures,13212072,0,14,0,2.18054917e-315,19517,0,14,6.0,25971.0,31.0,0,0,0,8.940817066609e-310,{}
188,123.8,preventative measures,5,641,48,23,0.0,47473,0,48,792.0,792.0,28.0,2,0,0,0.0,"{'SMART 5: Reallocated Sectors Count': 'Critical', 'SMART 197: Current Pending Sector Count': 'Warning'}"
190,198.59,preventative measures,85309056,0,4,0,4.740338e-316,2051,0,4,0.0,2309.0,33.0,0,0,0,9.743e-321,{}
193,93.24,preventative measures,218814335,0,25,0,1.79429963e-314,25272,0,25,9.0,25.0,34.0,0,0,0,3.4119570335417e-310,{}
212,91.35,preventative measures,131135488,0,9,0,1.226085283e-315,6271,0,9,0.0,22689.0,20.0,16,16,0,3.0306e-320,{'SMART 197: Current Pending Sector Count': 'Critical'}
239,111.76,preventative measures,174871824,0,13,0,1.70267727e-315,7378,0,13,0.0,10739.0,32.0,0,0,0,3.613e-320,{}
260,96.57,preventative measures,0,4208,30,0,0.0,34523,0,29,13.0,30.0,30.0,0,0,0,0.0,{'SMART 3: Spin-Up Time': 'Warning'}
271,94.62,preventative measures,214305488,0,22,0,2.900485807e-315,25761,0,22,0.0,174157.0,26.0,0,0,0,2.5937154565614e-310,{}
278,103.89,preventative measures,151536040,0,9,0,4.057210982e-315,17182,0,9,1.0,58298.0,31.0,0,0,0,8.373e-320,{}
288,113.89,preventative measures,6,0,4,0,0.0,4952,0,4,0.0,172.0,25.0,0,0,0,0.0,{}
292,108.28,preventative measures,0,612,19,53,0.0,43268,0,19,1113.0,1113.0,39.0,0,0,0,0.0,{'SMART 5: Reallocated Sectors Count': 'Critical'}
295,97.58,preventative measures,99211232,0,10,0,2.937833617e-315,20530,0,10,2.0,9220.0,19.0,0,0,0,1.34498459228871e-309,{}
316,124.95,preventative measures,197154112,0,5,0,3.171827727e-315,21040,0,5,2.0,4602.0,19.0,0,0,0,1.4662991019294e-311,{}
319,84.83,preventative measures,210837928,0,17,0,3.53317684e-315,22639,0,17,5.0,13664.0,27.0,0,0,0,6.6800427611137e-311,{}
323,97.37,preventative measures,90032376,0,5,8,1.06819528e-315,15874,0,5,3.0,1146.0,30.0,0,0,0,7.84e-320,{'SMART 5: Reallocated Sectors Count': 'Critical'}
329,80.67,preventative measures,150718424,0,10,0,1.561237945e-315,16927,0,11,2.0,9007.0,23.0,0,0,0,8.345e-320,{}
335,93.49,preventative measures,99664264,0,22,0,2.90372751e-315,25809,0,22,0.0,175027.0,27.0,0,0,0,1.06500846765425e-309,{}
344,102.67,preventative measures,210533224,0,13,0,3.2827577e-315,21888,0,13,6.0,18078.0,25.0,0,0,0,1.0778e-319,{}
363,81.63,preventative measures,84769208,0,22,0,2.92331217e-315,26076,0,22,0.0,179808.0,28.0,0,0,0,6.5329884429247e-310,{}
378,138.0,preventative measures,230552888,0,5,0,3.14749977e-315,20945,0,5,2.0,4639.0,21.0,0,0,0,9.1027253455365e-310,{}
388,89.93,preventative measures,0,620,26,7,0.0,45325,0,26,1319.0,1319.0,23.0,1,0,0,0.0,"{'SMART 5: Reallocated Sectors Count': 'Critical', 'SMART 197: Current Pending Sector Count': 'Warning'}"
401,92.79,preventative measures,176815336,0,17,0,3.48963179e-315,22447,0,17,5.0,13664.0,27.0,0,0,0,6.6252952596578e-310,{}
410,91.87,preventative measures,3,434,30,0,0.0,17317,1,29,696.0,696.0,25.0,0,0,157,0.0,{'SMART 199: UltraDMA CRC Error Count': 'Critical'}
415,112.35,preventative measures,185165592,0,20,121,7.707429e-316,27002,0,20,0.0,129473.0,23.0,0,0,0,4.79167869690624e-310,{'SMART 5: Reallocated Sectors Count': 'Critical'}
446,107.97,preventative measures,0,4283,19,0,0.0,32765,0,16,10.0,19.0,30.0,0,0,0,0.0,{'SMART 3: Spin-Up Time': 'Warning'}
450,113.05,preventative measures,4402032,0,1,0,1.381755264e-315,6345,0,1,0.0,17495.0,26.0,0,0,0,3.0785e-320,{}
459,137.0,preventative measures,33933128,0,25,0,2.145485764e-315,20940,0,25,7.0,103169.0,21.0,0,0,0,1.0107e-319,{}
462,101.73,preventative measures,89967320,0,4,0,2.5587672e-316,1350,0,4,0.0,6682.0,31.0,0,0,0,5.894e-321,{}
474,90.69,preventative measures,0,4158,38,0,0.0,29232,0,36,26.0,38.0,38.0,0,0,2,0.0,{'SMART 3: Spin-Up Time': 'Warning'}
506,98.9,preventative measures,68038176,0,10,0,1.6740432e-315,17339,0,10,7.0,7485.0,26.0,0,0,0,8.5503e-320,{}
507,110.49,preventative measures,110063030,0,29,0,1.5383543795e-314,23322,0,29,12.0,29.0,31.0,0,0,0,1.27514971082208e-309,{}
511,110.7,preventative measures,25426152,0,5,0,3.199201355e-315,21161,0,5,2.0,4602.0,19.0,0,0,0,1.36181201891419e-309,{}
522,108.24,preventative measures,25372856,0,3,0,7.9668596e-316,4135,0,3,0.0,38530.0,35.0,0,0,0,1.893e-320,{}
523,97.82,preventative measures,28807880,0,2,0,7.89428133e-316,2629,0,2,0.0,2103.0,23.0,0,0,0,1.295e-320,{}
533,105.61,preventative measures,0,4183,26,0,0.0,32852,0,23,11.0,26.0,32.0,0,0,0,0.0,{'SMART 3: Spin-Up Time': 'Warning'}
541,98.35,preventative measures,113292864,0,3,512,2.91003828e-315,10784,0,3,0.0,1024.0,22.0,8,8,0,5.3236e-320,"{'SMART 5: Reallocated Sectors Count': 'Critical', 'SMART 197: Current Pending Sector Count': 'Warning'}"
542,95.03,preventative measures,181275496,0,9,0,1.569709807e-315,21578,0,9,3.0,19874.0,27.0,0,0,0,1.05616e-319,{}
550,96.99,preventative measures,199132944,0,10,8,1.203990237e-315,15967,0,10,5.0,9930.0,25.0,0,0,0,7.8675e-320,{'SMART 5: Reallocated Sectors Count': 'Critical'}
556,96.82,preventative measures,70989568,0,11,0,2.71407182e-315,22253,0,11,3.0,39365.0,21.0,0,0,0,6.8744175655034e-310,{}
558,108.16,preventative measures,122090424,0,5,8,9.74475337e-316,15538,0,5,3.0,1146.0,29.0,0,0,0,7.6743e-320,{'SMART 5: Reallocated Sectors Count': 'Critical'}
564,95.61,preventative measures,59281336,0,3,0,7.9767561e-316,4231,0,3,0.0,39025.0,36.0,8,8,0,1.936e-320,{'SMART 197: Current Pending Sector Count': 'Warning'}
576,85.93,preventative measures,21582736,0,8,0,2.310127187e-315,8816,0,8,0.0,3878.0,24.0,0,0,0,4.3473e-320,{}
596,85.33,preventative measures,393218,628,34,1,0.0,47880,0,33,1374.0,1374.0,27.0,0,0,0,0.0,{'SMART 5: Reallocated Sectors Count': 'Warning'}
601,110.34,preventative measures,393229,641,46,6,0.0,44883,0,46,710.0,710.0,30.0,0,0,0,0.0,{'SMART 5: Reallocated Sectors Count': 'Critical'}
602,85.66,preventative measures,190724560,0,14,0,2.158173513e-315,19445,0,14,6.0,25971.0,31.0,0,0,0,1.04389460950269e-309,{}
615,105.03,preventative measures,98761336,0,26,0,7.1148451e-316,17442,0,26,6.0,30765.0,21.0,0,0,0,8.486e-320,{}
624,118.46,preventative measures,114978848,0,20,121,7.707429e-316,27488,0,20,0.0,137606.0,26.0,0,0,0,1.1340794306586e-309,{'SMART 5: Reallocated Sectors Count': 'Critical'}
631,100.68,preventative measures,206465192,0,2,0,1.218316614e-315,5936,0,2,0.0,32909.0,23.0,0,0,0,2.8695e-320,{}
632,95.39,preventative measures,0,561,22,0,0.0,36951,0,22,1341.0,1341.0,31.0,0,0,0,0.0,{}
646,98.31,preventative measures,0,4183,26,0,0.0,32972,0,23,11.0,26.0,31.0,0,0,0,0.0,{'SMART 3: Spin-Up Time': 'Warning'}
653,86.18,preventative measures,93825528,0,17,0,3.522616153e-315,22591,0,17,5.0,13664.0,29.0,0,0,0,9.88489299416666e-310,{}
662,84.29,preventative measures,126932432,0,8,0,2.278263767e-315,8671,0,8,0.0,3878.0,22.0,0,0,0,4.276e-320,{}
663,119.04,preventative measures,0,612,19,53,0.0,43004,0,19,1105.0,1105.0,39.0,0,0,0,0.0,{'SMART 5: Reallocated Sectors Count': 'Critical'}
665,80.82,preventative measures,198769056,0,4,11272,5.6878507e-316,2531,0,4,0.0,2309.0,33.0,0,0,0,1.2114e-320,{'SMART 5: Reallocated Sectors Count': 'Critical'}
670,107.94,preventative measures,4123576,0,13,0,3.2725286e-315,21768,0,13,6.0,15849.0,26.0,0,0,0,1.0723e-319,{}
676,104.5,preventative measures,0,4091,22,0,0.0,32853,0,20,11.0,22.0,31.0,0,0,0,0.0,{'SMART 3: Spin-Up Time': 'Warning'}
678,124.15,preventative measures,99909664,0,9,0,1.54105619e-315,21434,0,9,3.0,19874.0,25.0,0,0,0,1.04905e-319,{}
683,85.29,preventative measures,208232552,0,4,1920,5.15530007e-316,2267,0,4,0.0,2309.0,33.0,0,0,0,1.081e-320,{'SMART 5: Reallocated Sectors Count': 'Critical'}
685,119.71,preventative measures,0,625,18,443,0.0,41535,0,18,1166.0,1166.0,39.0,0,0,0,0.0,{'SMART 5: Reallocated Sectors Count': 'Critical'}
689,105.64,preventative measures,0,483,9,5,0.0,19785,0,8,10.0,10.0,26.0,0,0,0,0.0,{'SMART 5: Reallocated Sectors Count': 'Warning'}
709,87.15,preventative measures,44405790,0,17,0,4.94210673e-315,12480,0,15,0.0,4179.0,25.0,0,0,0,5.124619841339e-311,{}
717,86.02,preventative measures,164757096,0,20,0,2.818970766e-315,25983,0,20,0.0,163100.0,27.0,0,0,0,9.05964883122276e-310,{}
737,103.13,preventative measures,222538312,0,7,0,2.05441427e-315,20647,0,7,1.0,8760.0,21.0,0,0,0,1.01773e-319,{}
741,98.77,preventative measures,0,634,113,256,0.0,40777,0,111,1094.0,1094.0,31.0,0,0,0,0.0,{'SMART 5: Reallocated Sectors Count': 'Critical'}
745,97.17,preventative measures,0,4283,19,0,0.0,33052,0,16,10.0,19.0,30.0,0,0,0,0.0,{'SMART 3: Spin-Up Time': 'Warning'}
766,87.98,preventative measures,174410128,0,4,0,2.759265447e-315,20656,0,4,1.0,6495.0,21.0,0,0,0,1.01916e-319,{}
778,107.67,preventative measures,0,6083,8,0,0.0,11718,0,8,2.0,151.0,21.0,0,0,0,0.0,{'SMART 3: Spin-Up Time': 'Critical'}
793,103.86,preventative measures,0,4033,25,0,0.0,28287,0,23,16.0,25.0,36.0,0,0,0,0.0,{'SMART 3: Spin-Up Time': 'Warning'}
799,128.1,preventative measures,108308008,0,16,0,2.12687845e-315,19967,0,15,3.0,13011.0,24.0,0,0,0,9.8433e-320,{}
800,103.33,preventative measures,42453984,0,5,0,3.5985693e-316,2649,0,5,0.0,42854.0,20.0,0,0,0,7.89e-321,{}
804,100.37,preventative measures,214247144,0,13,0,2.725279625e-315,26180,0,13,0.0,180069.0,26.0,0,0,0,1.25768568547577e-309,{}
815,90.5,preventative measures,133998024,0,7,0,2.60507542e-315,11047,0,7,1.0,30517.0,27.0,0,0,0,5.4016e-320,{}
816,113.38,preventative measures,6,0,4,0,0.0,4977,0,4,0.0,172.0,26.0,0,0,0,0.0,{}
825,102.55,preventative measures,0,4208,24,0,0.0,32986,0,21,12.0,24.0,34.0,0,0,0,0.0,{'SMART 3: Spin-Up Time': 'Warning'}
832,85.56,preventative measures,133524488,0,24,0,2.77843807e-315,25996,0,24,0.0,152001.0,23.0,0,0,0,6.27431715600347e-310,{}
841,98.06,preventative measures,42709520,0,4,0,2.8492237e-316,1495,0,4,0.0,6682.0,29.0,0,0,0,6.606e-321,{}
852,154.86,preventative measures,240578192,0,14,0,2.852551375e-315,26651,0,14,0.0,184085.0,32.0,0,0,0,1.34394481438068e-309,{}
862,87.7,preventative measures,20169696,0,8,0,2.25139513e-315,8552,0,8,0.0,3878.0,22.0,0,0,0,4.217e-320,{}
865,82.52,preventative measures,51687408,0,10,0,1.547181263e-315,16879,0,11,2.0,9007.0,23.0,0,0,0,8.3206e-320,{}
879,89.27,preventative measures,90266336,0,23,0,1.834904355e-315,18239,0,23,11.0,31294.0,22.0,0,0,1,8.95e-320,{}
921,86.22,preventative measures,50550544,0,13,0,3.389154324e-315,21795,0,13,2.0,32236.0,24.0,0,0,0,2.9801308899017e-310,{}
924,100.58,preventative measures,49247072,0,8,0,6.4496913e-316,17743,0,8,1.0,28708.0,31.0,0,0,0,9.667600624928e-310,{}
933,90.09,preventative measures,90053968,0,3,512,2.957566777e-315,11024,0,3,0.0,1025.0,23.0,8,8,0,5.4416e-320,"{'SMART 5: Reallocated Sectors Count': 'Critical', 'SMART 197: Current Pending Sector Count': 'Warning'}"
957,107.1,preventative measures,0,483,9,5,0.0,19737,0,8,10.0,10.0,25.0,0,0,0,0.0,{'SMART 5: Reallocated Sectors Count': 'Warning'}
979,82.0,preventative measures,196762088,0,20,0,2.82608002e-315,26080,0,20,0.0,164875.0,27.0,0,0,0,1.12431825001307e-309,{}
1025,112.52,preventative measures,0,612,19,53,0.0,43172,0,19,1110.0,1110.0,39.0,0,0,0,0.0,{'SMART 5: Reallocated Sectors Count': 'Critical'}
1029,111.37,preventative measures,31124616,0,13,0,3.07044216e-315,26678,0,13,0.0,138195.0,34.0,0,0,0,2.52008220266136e-310,{}
1040,84.19,preventative measures,70276408,0,9,0,1.5089880819e-313,6875,0,8,0.0,5049.0,26.0,0,0,0,1.31096899969166e-309,{}
1042,93.91,preventative measures,0,900,27,0,0.0,19796,0,26,10.0,227053.0,34.0,0,0,0,9.6323e-320,{}
1044,84.46,preventative measures,0,4033,25,0,0.0,28766,0,23,16.0,25.0,38.0,0,0,0,0.0,{'SMART 3: Spin-Up Time': 'Warning'}
1046,196.34,preventative measures,162125192,0,2,0,2.15413366e-315,9919,0,2,0.0,9642.0,29.0,0,0,0,4.8685e-320,{}
1058,90.69,preventative measures,0,483,9,5,0.0,20145,0,8,10.0,10.0,26.0,0,0,0,0.0,{'SMART 5: Reallocated Sectors Count': 'Warning'}
1080,98.4,preventative measures,186037088,0,4,0,2.76878224e-315,20704,0,4,1.0,6495.0,22.0,0,0,0,1.02153e-319,{}
1093,109.02,preventative measures,219904728,0,2,8,8.25028033e-316,4086,0,2,0.0,38872.0,24.0,0,0,0,1.8587e-320,{'SMART 5: Reallocated Sectors Count': 'Critical'}
1096,104.74,preventative measures,0,634,113,256,0.0,40633,0,111,1088.0,1088.0,31.0,0,0,0,0.0,{'SMART 5: Reallocated Sectors Count': 'Critical'}
1105,90.79,preventative measures,242902728,0,2,0,1.276769175e-315,6418,0,2,0.0,20633.0,19.0,48,48,0,3.1096e-320,{'SMART 197: Current Pending Sector Count': 'Critical'}
1108,94.15,preventative measures,1245186,628,34,1,0.0,47784,0,33,1372.0,1372.0,28.0,0,0,0,0.0,{'SMART 5: Reallocated Sectors Count': 'Warning'}
1111,112.65,preventative measures,206078247,0,17,0,4.967793123e-315,12575,0,15,0.0,4183.0,26.0,0,0,0,1.35932928379649e-309,{}
1112,92.16,preventative measures,0,4133,16,0,0.0,36141,0,15,6.0,9.0,29.0,0,0,0,0.0,{'SMART 3: Spin-Up Time': 'Warning'}
1156,135.01,preventative measures,51261776,0,12,0,5.8304597e-316,16183,0,12,2.0,28136.0,23.0,0,0,2,7.937e-320,{}
1158,94.1,preventative measures,126984496,0,16,64,3.23851558e-315,21647,0,16,6.0,3240.0,24.0,0,0,0,1.19801516381212e-309,{'SMART 5: Reallocated Sectors Count': 'Critical'}
1160,88.69,preventative measures,62544312,0,3,0,4.1959395e-317,914,0,3,0.0,30530.0,26.0,0,0,0,3.33e-321,{}
1176,96.58,preventative measures,97497968,0,1,0,2.6367959e-316,1382,0,1,0.0,6749.0,29.0,0,0,0,6.12e-321,{}
1193,129.41,preventative measures,15017960,0,14,0,2.09231977e-315,19229,0,14,6.0,25971.0,31.0,0,0,0,1.11345363152947e-309,{}
1195,124.81,preventative measures,18585048,0,5,0,3.20394398e-315,21184,0,5,2.0,4602.0,19.0,0,0,0,1.8013622279948e-310,{}
1199,104.77,preventative measures,162088632,0,13,0,3.08252487e-315,26847,0,13,0.0,141522.0,34.0,0,0,0,6.27452935562447e-310,{}
1206,104.54,preventative measures,0,4033,25,0,0.0,28359,0,23,16.0,25.0,37.0,0,0,0,0.0,{'SMART 3: Spin-Up Time': 'Warning'}
1216,102.98,preventative measures,232808824,0,9,0,1.406382347e-315,17138,0,9,4.0,35110.0,21.0,0,0,0,8.397e-320,{}
1276,84.2,preventative measures,100783069,0,17,0,4.9613697e-315,12552,0,15,0.0,4182.0,25.0,0,0,0,1.007820681022983e-309,{}
1277,109.04,preventative measures,57300936,0,9,0,1.906998987e-315,17909,0,9,4.0,679.0,34.0,0,0,1,8.8443e-320,{}
1290,128.96,preventative measures,21176352,0,8,0,3.923424043e-315,14601,0,8,1.0,15676.0,29.0,0,0,0,7.0874e-320,{}
1293,105.1,preventative measures,239214544,0,8,0,2.22314753e-315,8431,0,8,0.0,3878.0,22.0,0,0,0,4.1576e-320,{}
1310,85.32,preventative measures,79560776,0,4,0,2.75475433e-315,20632,0,4,1.0,6495.0,21.0,0,0,0,1.01797e-319,{}
1313,124.43,preventative measures,104681376,0,1,0,1.281153953e-315,6633,0,1,0.0,19700.0,31.0,0,0,0,3.216e-320,{}
1315,98.47,preventative measures,202652848,0,4,0,2.716781414e-315,20441,0,4,1.0,6495.0,20.0,0,0,0,1.0085e-319,{}
1322,106.04,preventative measures,202471360,0,14,0,1.73110125e-315,18014,0,13,1.0,38434.0,20.0,0,0,0,8.8206e-320,{}
1326,108.26,preventative measures,0,4325,68,0,0.0,33436,0,67,7.0,68.0,24.0,0,0,0,0.0,{'SMART 3: Spin-Up Time': 'Warning'}
1330,96.43,preventative measures,171063264,0,8,0,3.943706965e-315,14697,0,8,1.0,15676.0,29.0,0,0,0,7.1343e-320,{}
1335,92.23,preventative measures,0,575,23,0,0.0,38356,0,23,1459.0,1459.0,27.0,1,0,0,0.0,{'SMART 197: Current Pending Sector Count': 'Warning'}
1341,92.6,preventative measures,0,483,9,5,0.0,20217,0,8,10.0,10.0,26.0,0,0,0,0.0,{'SMART 5: Reallocated Sectors Count': 'Warning'}
1342,108.82,preventative measures,145616488,0,11,0,3.259610267e-315,21672,0,11,5.0,15397.0,25.0,0,0,0,1.0677e-319,{}
1347,111.98,preventative measures,185249832,0,25,0,2.13244511e-315,20891,0,25,7.0,103169.0,21.0,0,0,0,1.00834e-319,{}
1349,116.84,preventative measures,219407280,0,9,0,1.202388353e-315,6199,0,9,0.0,22687.0,20.0,16,16,0,2.995e-320,{'SMART 197: Current Pending Sector Count': 'Critical'}
1352,105.4,preventative measures,0,4091,22,0,0.0,32830,0,20,11.0,22.0,31.0,0,0,0,0.0,{'SMART 3: Spin-Up Time': 'Warning'}
1363,109.89,preventative measures,242995248,0,5,8,9.95030746e-316,15610,0,5,3.0,1146.0,29.0,0,0,0,7.71e-320,{'SMART 5: Reallocated Sectors Count': 'Critical'}
1396,91.27,preventative measures,0,4058,61,0,0.0,35873,0,59,17.0,43.0,37.0,0,0,0,0.0,{'SMART 3: Spin-Up Time': 'Warning'}
1403,115.42,preventative measures,0,612,19,53,0.0,43028,0,19,1105.0,1105.0,39.0,0,0,0,0.0,{'SMART 5: Reallocated Sectors Count': 'Critical'}
1415,180.56,preventative measures,210962232,0,2,0,2.340274949e-314,9919,0,2,0.0,9259.0,29.0,0,0,0,4.8695e-320,{}
1428,110.65,preventative measures,170222664,0,3,0,1.597568534e-315,8072,0,3,0.0,43652.0,19.0,8,8,0,3.9145e-320,{'SMART 197: Current Pending Sector Count': 'Warning'}
1453,96.74,preventative measures,3527160,0,15,0,2.2106098e-315,19284,0,15,6.0,15977.0,30.0,0,0,0,1.17783498382778e-309,{}
1470,91.1,preventative measures,98637576,0,4,0,2.726138593e-315,20488,0,4,1.0,6495.0,21.0,0,0,0,1.01086e-319,{}
1485,88.2,preventative measures,221953840,0,13,0,3.38966669e-315,21819,0,13,2.0,33462.0,24.0,0,0,0,1.21861974294264e-309,{}
1490,106.32,preventative measures,0,4091,22,0,0.0,32805,0,20,11.0,22.0,31.0,0,0,0,0.0,{'SMART 3: Spin-Up Time': 'Warning'}
1492,118.07,preventative measures,183659768,0,2,0,8.1331058e-316,2557,0,2,0.0,2102.0,26.0,0,0,0,1.236e-320,{}
1495,100.61,preventative measures,0,650,136,0,0.0,2702,0,136,38.0,29233.0,30.0,0,0,0,0.0,{}
1499,129.48,preventative measures,237605888,0,2,0,1.170429534e-315,5575,0,2,0.0,32788.0,21.0,0,0,0,2.6917e-320,{}
1523,107.59,preventative measures,5030040,0,7,0,2.393914604e-315,7045,0,7,0.0,7590.0,23.0,0,0,0,3.466e-320,{}
1524,94.39,preventative measures,18224104,0,5,0,7.0742053e-316,15728,0,5,3.0,5913.0,32.0,0,0,0,1.27572264964776e-309,{}
1531,87.03,preventative measures,82359072,0,8,0,2.315795967e-315,8840,0,8,0.0,3878.0,23.0,0,0,0,4.3596e-320,{}
1560,98.97,preventative measures,82807112,0,8,0,2.19451778e-315,8365,0,8,0.0,2356.0,22.0,0,0,0,4.1225e-320,{}
1566,103.29,preventative measures,104957776,0,1,0,1.241538955e-315,6369,0,1,0.0,19456.0,30.0,0,0,0,3.0854e-320,{}
1576,86.15,preventative measures,68977888,0,22,0,2.916071523e-315,25980,0,22,0.0,178231.0,28.0,0,0,0,5.75739898132216e-310,{}
1580,108.39,preventative measures,132334680,0,55,0,2.201443367e-315,20063,0,55,49.0,12770.0,27.0,0,0,2,3.8817669013983e-310,{}
1583,98.81,preventative measures,27509624,0,9,0,1.89344329e-315,17860,0,9,4.0,679.0,35.0,0,0,1,8.8206e-320,{}
1595,175.45,preventative measures,233226112,0,37,0,2.44731164e-315,18678,0,37,0.0,76906.0,29.0,0,0,0,1.31973284236674e-309,{}
1596,114.47,preventative measures,223460160,0,7,0,2.288048885e-315,19259,0,7,1.0,19207.0,24.0,0,0,0,1.75022212933474e-310,{}
1625,98.5,preventative measures,7,0,4,0,0.0,5312,0,4,0.0,185.0,26.0,0,0,0,0.0,{}
1636,127.09,preventative measures,16992112,0,12,0,5.7621328e-316,16159,0,12,2.0,28136.0,23.0,0,0,2,7.926e-320,{}
1644,95.95,preventative measures,0,4033,25,0,0.0,28431,0,23,16.0,25.0,36.0,0,0,0,0.0,{'SMART 3: Spin-Up Time': 'Warning'}
1646,150.19,preventative measures,40372804,570,15,217,0.0,25604,0,15,18.0,18.0,19.0,0,0,0,0.0,{'SMART 5: Reallocated Sectors Count': 'Critical'}
1661,89.29,preventative measures,0,6362,12,0,0.0,7523,0,12,0.0,116.0,35.0,0,0,0,0.0,{'SMART 3: Spin-Up Time': 'Critical'}
1663,101.86,preventative measures,145567480,0,7,0,1.996222193e-315,20383,0,7,1.0,8760.0,20.0,0,0,0,1.0047e-319,{}
1678,105.94,preventative measures,0,4183,26,0,0.0,32828,0,23,11.0,26.0,31.0,0,0,0,0.0,{'SMART 3: Spin-Up Time': 'Warning'}
1680,89.62,preventative measures,218276392,0,5,0,1.403241068e-315,17246,0,5,1.0,6174.0,16.0,0,0,0,1.16771306389537e-309,{}
1685,114.33,preventative measures,92984560,0,7,0,3.87641564e-316,15970,0,7,1.0,147448.0,26.0,0,0,0,7.5943e-320,{}
1697,101.01,preventative measures,145526544,0,2,0,7.69714707e-316,2557,0,2,0.0,2103.0,23.0,0,0,0,1.2594e-320,{}
1719,82.85,preventative measures,241479832,0,4,3784,5.3188701e-316,2338,0,4,0.0,2309.0,34.0,0,0,0,1.116e-320,{'SMART 5: Reallocated Sectors Count': 'Critical'}
1742,97.34,preventative measures,0,4091,22,0,0.0,33021,0,20,11.0,22.0,30.0,0,0,0,0.0,{'SMART 3: Spin-Up Time': 'Warning'}
1753,88.37,preventative measures,131073,620,26,7,0.0,45229,0,26,1317.0,1317.0,23.0,1,0,0,0.0,"{'SMART 5: Reallocated Sectors Count': 'Critical', 'SMART 197: Current Pending Sector Count': 'Warning'}"
1768,112.61,preventative measures,85603416,0,3,0,1.57796925e-315,7976,0,3,0.0,43652.0,20.0,8,8,0,3.867e-320,{'SMART 197: Current Pending Sector Count': 'Warning'}
1791,113.14,preventative measures,156687680,0,2,0,1.09452329e-315,5648,0,2,0.0,32532.0,23.0,0,0,0,2.7253e-320,{}
1792,98.33,preventative measures,0,4283,19,0,0.0,32981,0,16,10.0,19.0,31.0,0,0,0,0.0,{'SMART 3: Spin-Up Time': 'Warning'}
1802,102.7,preventative measures,137292416,0,1,0,2.822798525e-315,9439,0,1,0.0,86.0,35.0,0,0,0,4.663e-320,{}
1805,100.09,preventative measures,18640378,0,25,0,1.788192349e-314,25200,0,25,9.0,25.0,34.0,0,0,0,9.0607098290877e-310,{}
1809,104.0,preventative measures,0,612,19,53,0.0,43388,0,19,1116.0,1116.0,40.0,0,0,0,0.0,{'SMART 5: Reallocated Sectors Count': 'Critical'}
1817,101.83,preventative measures,7,0,4,0,0.0,5287,0,4,0.0,184.0,25.0,0,0,0,0.0,{}
1818,107.59,preventative measures,196611,641,46,6,0.0,44931,0,46,712.0,712.0,29.0,0,0,0,0.0,{'SMART 5: Reallocated Sectors Count': 'Critical'}
1831,98.67,preventative measures,153808600,0,2,0,2.23976678e-315,10398,0,2,0.0,9642.0,30.0,0,0,0,5.1057e-320,{}
1858,124.39,preventative measures,231314736,0,5,0,3.18285471e-315,21089,0,5,2.0,4602.0,19.0,0,0,0,6.03516823012394e-310,{}
1865,109.08,preventative measures,6,0,4,0,0.0,5120,0,4,0.0,178.0,25.0,0,0,0,0.0,{}
1894,150.05,preventative measures,57216680,0,10,0,2.18574736e-315,19210,0,10,7.0,7487.0,29.0,0,0,0,9.4747e-320,{}
1895,187.96,preventative measures,65729208,0,3,0,1.8746545e-317,626,0,3,0.0,21758.0,26.0,0,0,0,2.184e-321,{}
1901,125.92,preventative measures,0,4183,23,0,0.0,32597,0,20,11.0,23.0,32.0,0,0,0,0.0,{'SMART 3: Spin-Up Time': 'Warning'}
1906,120.99,preventative measures,213283184,0,5,0,3.21390766e-315,21233,0,5,2.0,4602.0,19.0,0,0,0,8.42283789412523e-310,{}
1916,112.15,preventative measures,183525096,0,8,0,1.49190899e-315,17474,0,8,2.0,9428.0,22.0,0,0,0,3.1829936873096e-310,{}
1944,107.86,preventative measures,0,634,113,256,0.0,40561,0,111,1086.0,1086.0,31.0,0,0,0,0.0,{'SMART 5: Reallocated Sectors Count': 'Critical'}
1946,129.88,preventative measures,164794816,0,8,0,2.20046246e-315,8388,0,8,0.0,2356.0,23.0,0,0,0,4.134e-320,{}
1953,85.46,preventative measures,179395792,0,8,0,2.79515403e-315,20633,0,8,5.0,6749.0,19.0,0,0,0,1.018e-319,{}
1955,105.52,preventative measures,1597336,0,14,0,2.173316057e-315,19493,0,14,6.0,25971.0,31.0,0,0,0,4.9811729206666e-310,{}
1959,81.69,preventative measures,14,620,26,7,0.0,45493,0,26,1324.0,1324.0,24.0,1,0,0,0.0,"{'SMART 5: Reallocated Sectors Count': 'Critical', 'SMART 197: Current Pending Sector Count': 'Warning'}"
1967,86.71,preventative measures,130979880,0,11,0,3.268017654e-315,21984,0,11,4.0,19942.0,25.0,0,0,0,1.08215e-319,{}
1970,145.1,preventative measures,107811832,0,11,0,2.411319805e-315,19254,0,11,5.0,9372.0,23.0,0,0,0,3.11763621703523e-310,{}
1992,118.67,preventative measures,157476704,0,1,0,1.36731509e-315,6249,0,1,0.0,17495.0,26.0,0,0,0,3.031e-320,{}
1997,104.88,preventative measures,81646400,0,1,0,1.427129285e-315,6609,0,1,0.0,17500.0,29.0,0,0,0,3.209e-320,{}
2001,109.49,preventative measures,38970640,0,9,0,1.282038193e-315,6511,0,9,0.0,22867.0,20.0,16,16,0,3.149e-320,{'SMART 197: Current Pending Sector Count': 'Critical'}
2002,106.35,preventative measures,0,612,19,53,0.0,43315,0,19,1114.0,1114.0,40.0,0,0,0,0.0,{'SMART 5: Reallocated Sectors Count': 'Critical'}
2032,88.58,preventative measures,126560920,0,10,0,3.990048163e-315,16967,0,10,1.0,64510.0,29.0,0,0,304,8.25e-320,{'SMART 199: UltraDMA CRC Error Count': 'Critical'}
2049,111.29,preventative measures,185551456,0,13,8,1.893557605e-315,18122,0,13,8.0,6523.0,29.0,0,0,0,4.36982593322855e-310,{'SMART 5: Reallocated Sectors Count': 'Critical'}
2053,90.77,preventative measures,113741688,0,8,0,3.995774804e-315,14937,0,8,1.0,15676.0,29.0,0,0,0,7.253e-320,{}
2056,112.68,preventative measures,2,628,34,1,0.0,47952,0,33,1375.0,1375.0,27.0,0,0,0,0.0,{'SMART 5: Reallocated Sectors Count': 'Warning'}
2058,89.79,preventative measures,130078712,0,20,0,2.81190175e-315,25886,0,20,0.0,161219.0,27.0,0,0,0,9.5330660921823e-310,{}
2072,88.56,preventative measures,71395328,0,17,0,3.511804703e-315,22543,0,17,5.0,13664.0,28.0,0,0,0,3.6994874630796e-310,{}
2085,165.86,preventative measures,187666096,0,14,0,2.06377285e-315,19133,0,14,6.0,25971.0,31.0,0,0,0,7.49043294346526e-310,{}
2089,99.12,preventative measures,0,4208,24,0,0.0,33178,0,21,12.0,24.0,34.0,0,0,0,0.0,{'SMART 3: Spin-Up Time': 'Warning'}
2108,104.63,preventative measures,109737768,0,9,0,1.358398395e-315,16970,0,9,4.0,35110.0,20.0,0,0,0,8.314e-320,{}
2122,101.84,preventative measures,111612712,0,14,0,2.87335095e-315,26918,0,14,0.0,188639.0,31.0,0,0,0,1.33800322616728e-309,{}
2128,106.01,preventative measures,147798776,0,5,0,1.377891715e-315,17125,0,5,1.0,6174.0,16.0,0,0,0,2.6862344726279e-310,{}
2133,98.65,preventative measures,0,4058,61,0,0.0,35706,0,59,17.0,43.0,38.0,0,0,0,0.0,{'SMART 3: Spin-Up Time': 'Warning'}
2139,105.79,preventative measures,131072,434,30,0,0.0,16957,1,29,682.0,682.0,24.0,0,0,157,0.0,{'SMART 199: UltraDMA CRC Error Count': 'Critical'}
2153,117.55,preventative measures,151217216,0,10,0,2.876330755e-315,26490,0,10,0.0,130664.0,31.0,0,0,0,4.73247501431306e-310,{}
2158,124.85,preventative measures,65170560,0,13,0,1.85852885e-315,18941,0,11,2.0,20669.0,22.0,0,0,0,9.3047e-320,{}
2164,89.55,preventative measures,69633752,0,2,0,1.240856655e-315,6514,0,2,0.0,19664.0,20.0,0,0,0,3.1586e-320,{}
2167,117.7,preventative measures,2018552,0,55,0,2.254037515e-315,20303,0,55,49.0,12770.0,27.0,0,0,2,7.63960924763054e-310,{}
2175,126.92,preventative measures,102760048,0,9,0,1.5084462044e-313,6706,0,8,0.0,5040.0,27.0,0,0,0,1.0501757172735e-310,{}
2184,86.47,preventative measures,203842672,0,6,0,8.23860136e-316,4113,0,4,0.0,38578.0,28.0,32,32,0,1.9175e-320,{'SMART 197: Current Pending Sector Count': 'Critical'}
2185,130.3,preventative measures,1321336,0,5,0,1.4369782e-315,17390,0,5,1.0,6174.0,17.0,0,0,0,1.06623922517212e-309,{}
2232,159.73,preventative measures,240699040,0,15,0,2.381677647e-314,20592,0,15,0.0,74266.0,28.0,0,0,0,8.2785421803066e-310,{}
2237,90.56,preventative measures,232362056,0,22,0,2.90707266e-315,25858,0,22,0.0,175995.0,28.0,0,0,0,1.37927604429644e-309,{}
2246,109.23,preventative measures,113317184,0,5,0,3.177507565e-315,21065,0,5,2.0,4602.0,19.0,0,0,0,4.7600609593318e-310,{}
2270,110.46,preventative measures,137808824,0,2,0,1.11481555e-315,5719,0,2,0.0,32532.0,23.0,0,0,0,2.761e-320,{}
2288,102.87,preventative measures,178823624,0,2,8,8.6854453e-316,4279,0,2,0.0,38876.0,24.0,0,0,0,1.9535e-320,{'SMART 5: Reallocated Sectors Count': 'Critical'}
2302,109.06,preventative measures,6038064,0,7,0,2.615356876e-315,11095,0,7,1.0,30517.0,27.0,0,0,0,5.4253e-320,{}
2330,98.1,preventative measures,169351776,0,1,0,1.261044755e-315,6537,0,1,0.0,19687.0,32.0,0,0,0,3.168e-320,{}
2339,108.98,preventative measures,19240960,0,1,0,2.22567863e-316,1214,0,1,0.0,6749.0,29.0,0,0,0,5.29e-321,{}
2345,88.81,preventative measures,98598096,0,13,0,6.19442793e-316,16303,0,13,2.0,28183.0,23.0,0,0,2,7.9965e-320,{}
2351,103.29,preventative measures,159282752,0,13,0,3.09646136e-315,27042,0,13,0.0,145096.0,33.0,0,0,0,1.21637042742999e-309,{}
2371,125.02,preventative measures,0,0,4,0,0.0,11095,0,4,137.0,137.0,22.0,0,0,0,0.0,{}
2375,108.19,preventative measures,0,4091,22,0,0.0,32758,0,20,11.0,22.0,32.0,0,0,0,0.0,{'SMART 3: Spin-Up Time': 'Warning'}
2391,83.88,preventative measures,222941200,0,56,672,3.046776194e-315,23606,0,56,26.0,179122.0,35.0,0,0,0,9.3811311934115e-310,{'SMART 5: Reallocated Sectors Count': 'Critical'}
2405,145.58,preventative measures,70318848,0,14,0,2.08473876e-315,19205,0,14,6.0,25971.0,31.0,0,0,0,7.14730622406973e-310,{}
2450,87.85,preventative measures,14593995,0,25,0,1.8043623706e-314,25393,0,25,9.0,25.0,33.0,0,0,0,3.7932796771841e-310,{}
2463,143.33,preventative measures,202347064,0,2,0,8.1616123e-316,2725,0,2,0.0,2103.0,24.0,0,0,0,1.3424e-320,{}
2469,168.91,preventative measures,64918032,0,1,0,2.799398004e-315,9342,0,1,0.0,86.0,33.0,0,0,0,4.615e-320,{}
2485,107.03,preventative measures,0,6083,8,0,0.0,11742,0,8,2.0,151.0,22.0,0,0,0,0.0,{'SMART 3: Spin-Up Time': 'Critical'}
2488,149.73,preventative measures,41318888,0,5,0,3.15038925e-315,20945,0,5,2.0,4602.0,19.0,0,0,0,4.21343484357314e-310,{}
2497,132.44,preventative measures,40202416,0,5,0,6.4845714e-316,15464,0,5,3.0,5913.0,28.0,0,0,0,8.3415654550449e-310,{}
2518,88.17,preventative measures,116626768,0,13,0,6.271488e-316,16327,0,13,2.0,28183.0,23.0,0,0,2,8.0083e-320,{}
2520,97.63,preventative measures,838800,0,17,0,4.927897267e-315,12432,0,15,0.0,4177.0,25.0,0,0,0,5.7890167179458e-310,{}
2523,88.8,preventative measures,206568288,0,2,0,1.292785207e-315,6538,0,2,0.0,20715.0,19.0,48,48,0,3.1684e-320,{'SMART 197: Current Pending Sector Count': 'Critical'}
2528,105.32,preventative measures,87880728,0,9,0,6.7036961e-316,17599,0,9,1.0,25119.0,34.0,0,0,0,2.90352684164087e-310,{}
2529,111.62,preventative measures,65729208,0,3,0,1.88404e-317,675,0,3,0.0,24055.0,27.0,0,0,0,2.35e-321,{}
2537,114.12,preventative measures,0,4283,19,0,0.0,32621,0,16,10.0,19.0,30.0,0,0,0,0.0,{'SMART 3: Spin-Up Time': 'Warning'}
2540,117.85,preventative measures,0,4091,22,0,0.0,32542,0,20,11.0,22.0,31.0,0,0,0,0.0,{'SMART 3: Spin-Up Time': 'Warning'}
2561,109.81,preventative measures,0,6083,8,0,0.0,11693,0,8,2.0,151.0,21.0,0,0,0,0.0,{'SMART 3: Spin-Up Time': 'Critical'}
2575,119.76,preventative measures,44028112,0,3,512,2.92473099e-315,10856,0,3,0.0,1024.0,22.0,8,8,0,5.359e-320,"{'SMART 5: Reallocated Sectors Count': 'Critical', 'SMART 197: Current Pending Sector Count': 'Warning'}"
2576,139.19,preventative measures,46846400,0,11,0,2.683106567e-315,22157,0,11,3.0,39365.0,25.0,0,0,0,9.2417160698995e-310,{}
2613,92.42,preventative measures,0,4158,38,0,0.0,29208,0,36,26.0,38.0,39.0,0,0,2,0.0,{'SMART 3: Spin-Up Time': 'Warning'}
2615,162.11,preventative measures,45013696,0,5,0,6.1583092e-316,15320,0,5,3.0,5913.0,28.0,0,0,0,7.939659452229e-310,{}
2616,93.2,preventative measures,0,483,9,5,0.0,20121,0,8,10.0,10.0,25.0,0,0,0,0.0,{'SMART 5: Reallocated Sectors Count': 'Warning'}
2627,84.67,preventative measures,119579168,0,7,0,2.614300416e-315,10634,0,7,1.0,25334.0,19.0,0,0,58,5.201e-320,{'SMART 199: UltraDMA CRC Error Count': 'Critical'}
2641,83.85,preventative measures,152284120,0,13,0,3.38810476e-315,21771,0,13,2.0,32236.0,22.0,0,0,0,1.94077735148575e-310,{}
2646,109.69,preventative measures,142126896,0,14,0,2.859972276e-315,26748,0,14,0.0,185958.0,33.0,0,0,0,1.24486883090098e-309,{}
2657,149.14,preventative measures,71644734,0,25,0,1.7828002307e-314,25153,0,25,11.0,25.0,32.0,0,0,0,1.10878524081945e-309,{}
2669,125.93,preventative measures,27913392,0,15,0,2.079166265e-315,19679,0,14,3.0,5370.0,22.0,0,0,0,1.28384989354697e-309,{}
2672,98.56,preventative measures,237699696,0,7,0,2.580473337e-315,10926,0,7,1.0,30517.0,26.0,0,0,0,5.342e-320,{}
2677,98.74,preventative measures,99663864,0,8,0,3.94920202e-315,14721,0,8,1.0,15676.0,29.0,0,0,0,7.146e-320,{}
2688,96.91,preventative measures,171390264,0,13,0,1.883290175e-315,19061,0,11,2.0,20669.0,23.0,0,0,0,9.364e-320,{}
2701,120.01,preventative measures,35110600,0,16,0,4.9627886e-316,17216,0,16,14.0,9526.0,34.0,0,0,0,9.73720208682215e-310,{}
2715,102.51,preventative measures,0,4283,19,0,0.0,32909,0,16,10.0,19.0,30.0,0,0,0,0.0,{'SMART 3: Spin-Up Time': 'Warning'}
2718,82.29,preventative measures,0,6362,12,0,0.0,7666,0,12,0.0,117.0,35.0,0,0,0,0.0,{'SMART 3: Spin-Up Time': 'Critical'}
2732,81.21,preventative measures,212697800,0,17,0,3.54796346e-315,22711,0,17,5.0,13664.0,27.0,0,0,0,9.30643694155545e-310,{}
2733,98.09,preventative measures,0,4033,25,0,0.0,28383,0,23,16.0,25.0,37.0,0,0,0,0.0,{'SMART 3: Spin-Up Time': 'Warning'}
2746,119.63,preventative measures,0,634,113,256,0.0,40321,0,111,1079.0,1079.0,30.0,0,0,0,0.0,{'SMART 5: Reallocated Sectors Count': 'Critical'}
2750,93.92,preventative measures,83374544,0,13,0,1.89421538e-315,17588,0,13,3.0,1454.0,20.0,0,0,0,1.351647659058e-309,{}
2751,91.86,preventative measures,1128624,0,8,0,2.780487597e-315,20560,0,8,5.0,6743.0,20.0,0,0,0,1.0144e-319,{}
2756,108.47,preventative measures,180803440,0,20,121,7.707429e-316,27220,0,20,0.0,133432.0,25.0,0,0,0,1.12391507081857e-309,{'SMART 5: Reallocated Sectors Count': 'Critical'}
2757,107.56,preventative measures,53162312,0,9,0,6.81310207e-316,17647,0,9,1.0,25119.0,32.0,0,0,0,1.23792990461987e-309,{}
2758,109.43,preventative measures,0,4208,30,0,0.0,34188,0,29,13.0,30.0,29.0,0,0,0,0.0,{'SMART 3: Spin-Up Time': 'Warning'}
2768,88.71,preventative measures,14929952,0,4,8184,5.50885547e-316,2435,0,4,0.0,2309.0,33.0,0,0,0,1.164e-320,{'SMART 5: Reallocated Sectors Count': 'Critical'}
2769,111.78,preventative measures,38138128,0,1,0,1.23742263e-315,6321,0,1,0.0,19456.0,31.0,0,0,0,3.0617e-320,{}
2771,97.65,preventative measures,233607224,0,2,0,2.3470696746e-314,10303,0,2,0.0,9259.0,33.0,0,0,0,5.059e-320,{}
2779,96.1,preventative measures,20509032,0,5,0,2.97216008e-315,10544,0,5,1.0,3880.0,19.0,0,0,0,5.197e-320,{}
2835,89.16,preventative measures,196626088,0,10,0,2.978160856e-315,20722,0,10,2.0,9221.0,20.0,0,0,0,1.11697614455044e-309,{}
2838,103.14,preventative measures,0,4208,24,0,0.0,32962,0,21,12.0,24.0,33.0,0,0,0,0.0,{'SMART 3: Spin-Up Time': 'Warning'}
2856,87.69,preventative measures,235309976,0,24,0,2.789990224e-315,26141,0,24,0.0,154256.0,24.0,0,0,0,5.623288974505e-312,{}
2857,101.4,preventative measures,191630000,0,2,0,7.7941405e-316,4205,0,2,0.0,40008.0,37.0,0,0,0,1.9145e-320,{}
2867,98.98,preventative measures,0,4283,19,0,0.0,32957,0,16,10.0,19.0,30.0,0,0,0,0.0,{'SMART 3: Spin-Up Time': 'Warning'}
2888,189.93,preventative measures,115624248,0,8,0,1.80442921e-315,17549,0,8,4.0,578.0,34.0,0,0,0,7.16088699705815e-310,{}
2893,101.52,preventative measures,0,4208,30,0,0.0,34356,0,29,13.0,30.0,29.0,0,0,0,0.0,{'SMART 3: Spin-Up Time': 'Warning'}
2895,109.62,preventative measures,124248984,0,2,0,2.3440328615e-314,10135,0,2,0.0,9259.0,32.0,0,0,0,4.976e-320,{}
2898,93.28,preventative measures,48687448,0,24,0,2.194201185e-315,20254,0,24,11.0,50153.0,23.0,0,0,1,9.9124e-320,{}
2900,106.98,preventative measures,98044472,0,5,0,8.2947308e-316,2557,0,5,0.0,2073.0,29.0,0,0,0,1.2386e-320,{}
2905,125.76,preventative measures,0,611,20,53,0.0,45859,0,20,1201.0,1201.0,31.0,0,0,0,0.0,{'SMART 5: Reallocated Sectors Count': 'Critical'}
2910,112.49,preventative measures,0,4208,30,0,0.0,34068,0,29,13.0,30.0,29.0,0,0,0,0.0,{'SMART 3: Spin-Up Time': 'Warning'}
2922,100.63,preventative measures,0,612,19,53,0.0,43484,0,19,1120.0,1120.0,40.0,0,0,0,0.0,{'SMART 5: Reallocated Sectors Count': 'Critical'}
2952,81.87,preventative measures,0,565,15,0,0.0,23386,0,15,19.0,19.0,28.0,8,0,0,0.0,{'SMART 197: Current Pending Sector Count': 'Warning'}
2953,101.98,preventative measures,233271360,0,1,0,1.266974936e-315,6585,0,1,0.0,19698.0,33.0,0,0,0,3.192e-320,{}
2964,101.37,preventative measures,41607528,0,2,8,8.5484723e-316,4207,0,2,0.0,38876.0,24.0,0,0,0,1.918e-320,{'SMART 5: Reallocated Sectors Count': 'Critical'}
2976,86.88,preventative measures,145065056,0,4,2016,5.1829077e-316,2291,0,4,0.0,2309.0,33.0,0,0,0,1.093e-320,{'SMART 5: Reallocated Sectors Count': 'Critical'}
2993,99.06,preventative measures,0,900,27,0,0.0,19700,0,26,10.0,224265.0,36.0,0,0,0,9.586e-320,{}
2997,99.67,preventative measures,42256336,0,2,8,8.73181045e-316,4303,0,2,0.0,38879.0,25.0,0,0,0,1.9654e-320,{'SMART 5: Reallocated Sectors Count': 'Critical'}
2998,95.01,preventative measures,0,6083,8,0,0.0,12077,0,8,2.0,151.0,21.0,0,0,0,0.0,{'SMART 3: Spin-Up Time': 'Critical'}
3006,101.91,preventative measures,239406304,0,17,0,4.98614155e-315,12648,0,15,0.0,4186.0,25.0,0,0,0,4.778734527495e-311,{}
3012,113.93,preventative measures,124739144,0,21,0,2.95268996e-315,27060,0,21,0.0,147164.0,33.0,0,0,0,6.0370780385984e-311,{}
3019,121.63,preventative measures,150280936,0,4,0,3.03124254e-316,1549,0,4,0.0,10238.0,32.0,0,0,0,7.035e-321,{}
3029,96.87,preventative measures,0,6083,8,0,0.0,12029,0,8,2.0,151.0,22.0,0,0,0,0.0,{'SMART 3: Spin-Up Time': 'Critical'}
3033,102.5,preventative measures,0,565,15,0,0.0,23170,0,15,19.0,19.0,27.0,8,0,0,0.0,{'SMART 197: Current Pending Sector Count': 'Warning'}
3060,114.13,preventative measures,44852216,0,23,0,1.7771204e-315,17952,0,23,11.0,31294.0,21.0,0,0,1,8.8077e-320,{}
3073,114.84,preventative measures,38303965,0,17,0,4.914595686e-315,12384,0,15,0.0,4175.0,26.0,0,0,0,1.10611152605966e-309,{}
3106,109.83,preventative measures,23932096,0,16,0,5.815703e-316,17600,0,16,14.0,9526.0,34.0,0,0,0,1.19873664235807e-309,{}
3110,85.26,preventative measures,50101824,0,5,0,3.6550811e-316,2718,0,5,0.0,44091.0,21.0,0,0,0,8.043e-321,{}
3115,102.91,preventative measures,241746360,0,17,0,3.495147996e-315,22471,0,17,5.0,13664.0,27.0,0,0,0,8.96097602677445e-310,{}
3133,89.34,preventative measures,74146208,0,37,0,6.66991636e-316,17590,0,37,14.0,28961.0,23.0,0,0,0,8.572e-320,{}
3135,109.25,preventative measures,64839752,0,2,0,2.200600145e-315,10183,0,2,0.0,9642.0,30.0,0,0,0,4.9995e-320,{}
3140,100.58,preventative measures,43562080,0,2,8,8.5914241e-316,4231,0,2,0.0,38876.0,25.0,0,0,0,1.93e-320,{'SMART 5: Reallocated Sectors Count': 'Critical'}
3143,141.79,preventative measures,118593808,0,13,0,1.624440754e-315,17583,0,12,1.0,34199.0,19.0,0,0,0,5.7018026911853e-310,{}
3144,91.43,preventative measures,76630112,0,5,0,2.99891984e-315,10663,0,5,1.0,3880.0,19.0,0,0,0,5.2564e-320,{}
3150,80.0,preventative measures,45998360,0,1,0,2.88151815e-315,9679,0,1,0.0,86.0,34.0,0,0,0,4.7816e-320,{}
3165,96.27,preventative measures,211265528,0,3,0,7.9302262e-316,4207,0,3,0.0,39025.0,35.0,8,8,0,1.9244e-320,{'SMART 197: Current Pending Sector Count': 'Warning'}
3202,112.87,preventative measures,119780568,0,16,0,5.0759894e-316,17264,0,16,14.0,9526.0,33.0,0,0,0,3.7695133238929e-310,{}
3213,111.84,preventative measures,11424296,0,10,0,1.698054174e-315,7884,0,10,0.0,44568.0,21.0,0,0,0,3.814e-320,{}
3215,111.94,preventative measures,91298384,0,14,0,2.854376394e-315,26675,0,14,0.0,184544.0,32.0,0,0,0,1.00192153279301e-309,{}
3229,94.65,preventative measures,158627114,0,16,0,1.162415414e-315,19633,0,16,0.0,72953.0,26.0,0,0,0,0.0,{}
3245,105.92,preventative measures,49783408,0,5,0,3.188288467e-315,21112,0,5,2.0,4602.0,19.0,0,0,0,7.94623763946845e-310,{}
3250,81.48,preventative measures,140775960,0,10,8,3.72553386e-315,22159,0,10,6.0,3662.0,24.0,0,0,0,5.58912471491714e-310,{'SMART 5: Reallocated Sectors Count': 'Critical'}
3254,88.94,preventative measures,140663152,0,9,0,1.50889879095e-313,6851,0,8,0.0,5048.0,27.0,0,0,0,3.61100023781757e-310,{}
3269,100.81,preventative measures,62713408,0,7,0,2.00222143e-315,20407,0,7,1.0,8760.0,20.0,0,0,0,1.00587e-319,{}
3300,82.15,preventative measures,57170912,0,8,0,2.80466267e-315,20681,0,8,5.0,6749.0,20.0,0,0,0,1.0204e-319,{}
3308,92.54,preventative measures,54811976,0,4,5584,5.3541877e-316,2363,0,4,0.0,2309.0,33.0,0,0,0,1.1284e-320,{'SMART 5: Reallocated Sectors Count': 'Critical'}
3317,164.64,preventative measures,238519608,0,3,0,1.02371231e-315,5049,0,3,0.0,39407.0,19.0,8,8,0,2.3577e-320,{'SMART 197: Current Pending Sector Count': 'Warning'}
3322,101.32,preventative measures,0,4283,19,0,0.0,32933,0,16,10.0,19.0,30.0,0,0,0,0.0,{'SMART 3: Spin-Up Time': 'Warning'}
3342,95.61,preventative measures,0,4058,61,0,0.0,35778,0,59,17.0,43.0,37.0,0,0,0,0.0,{'SMART 3: Spin-Up Time': 'Warning'}
3348,99.69,preventative measures,200577784,0,3,472,2.87620919e-315,10616,0,3,0.0,1024.0,23.0,8,8,0,5.2406e-320,"{'SMART 5: Reallocated Sectors Count': 'Critical', 'SMART 197: Current Pending Sector Count': 'Warning'}"
3349,88.24,preventative measures,51053144,0,10,0,1.699717836e-315,17435,0,10,7.0,7485.0,27.0,0,0,0,8.5977e-320,{}
3370,101.71,preventative measures,142058912,0,2,0,1.17099548e-315,6008,0,2,0.0,32552.0,24.0,0,0,0,2.903e-320,{}
3379,154.19,preventative measures,142831880,0,13,0,1.61789655e-315,7883,0,13,0.0,44084.0,22.0,0,0,0,3.8137e-320,{}
3388,112.49,preventative measures,0,4208,30,0,0.0,34044,0,29,13.0,30.0,29.0,0,0,0,0.0,{'SMART 3: Spin-Up Time': 'Warning'}
3392,102.93,preventative measures,41096088,0,5,0,7.1272668e-316,15752,0,5,3.0,5913.0,29.0,0,0,0,1.1361165472575e-310,{}
3401,119.15,preventative measures,65729208,0,3,0,1.8783867e-317,650,0,3,0.0,22948.0,27.0,0,0,0,2.263e-321,{}
3406,120.22,preventative measures,163446032,0,10,0,2.19935428e-315,19258,0,10,7.0,7487.0,29.0,0,0,0,9.498e-320,{}
3426,99.85,preventative measures,47974616,0,2,0,1.257661275e-315,6250,0,2,0.0,20614.0,19.0,48,48,0,3.026e-320,{'SMART 197: Current Pending Sector Count': 'Critical'}
3437,105.01,preventative measures,136043456,0,1,0,1.39081501e-315,6393,0,1,0.0,17498.0,26.0,0,0,0,3.1017e-320,{}
3456,113.04,preventative measures,0,4208,30,0,0.0,34116,0,29,13.0,30.0,28.0,0,0,0,0.0,{'SMART 3: Spin-Up Time': 'Warning'}
3459,124.27,preventative measures,234890552,0,10,0,1.49752491e-315,16711,0,11,2.0,9007.0,22.0,0,0,0,8.2376e-320,{}
3468,85.74,preventative measures,0,564,20,543,0.0,36681,0,20,1295.0,1295.0,27.0,1,0,0,0.0,"{'SMART 5: Reallocated Sectors Count': 'Critical', 'SMART 197: Current Pending Sector Count': 'Warning'}"
3480,172.52,preventative measures,164092736,0,22,16,1.318204257e-315,16403,0,21,7.0,5138.0,32.0,0,0,0,8.09e-320,{'SMART 5: Reallocated Sectors Count': 'Critical'}
3487,105.35,preventative measures,27026608,0,2,2192,2.486585474e-315,9346,0,2,0.0,1353.0,27.0,0,0,0,4.615e-320,{'SMART 5: Reallocated Sectors Count': 'Critical'}
3492,98.04,preventative measures,38207670,566,32,545,0.0,38211,0,32,1455.0,1455.0,29.0,0,0,0,0.0,{'SMART 5: Reallocated Sectors Count': 'Critical'}
3507,89.73,preventative measures,201347472,0,15,0,2.04806307e-315,19658,0,14,3.0,10491.0,20.0,0,0,0,9.48850418027077e-310,{}
3513,162.11,preventative measures,45013696,0,5,0,6.1583092e-316,15320,0,5,3.0,5913.0,28.0,0,0,0,7.939659452229e-310,{}
3523,83.1,preventative measures,0,6362,12,0,0.0,7643,0,12,0.0,117.0,35.0,0,0,0,0.0,{'SMART 3: Spin-Up Time': 'Critical'}
3524,115.61,preventative measures,202395296,0,20,121,7.707429e-316,27075,0,20,0.0,130646.0,25.0,0,0,0,8.6411912612999e-310,{'SMART 5: Reallocated Sectors Count': 'Critical'}
3525,99.68,preventative measures,207173840,0,12,0,5.97184063e-316,16231,0,12,2.0,28136.0,23.0,0,0,2,7.9614e-320,{}
3535,103.86,preventative measures,0,4033,25,0,0.0,28311,0,23,16.0,25.0,36.0,0,0,0,0.0,{'SMART 3: Spin-Up Time': 'Warning'}
3539,103.86,preventative measures,0,4033,25,0,0.0,28287,0,23,16.0,25.0,36.0,0,0,0,0.0,{'SMART 3: Spin-Up Time': 'Warning'}
3555,80.62,preventative measures,0,4133,16,0,0.0,36424,0,15,6.0,9.0,30.0,0,0,0,0.0,{'SMART 3: Spin-Up Time': 'Warning'}
3568,85.93,preventative measures,387168,0,9,0,1.28814333e-315,6559,0,9,0.0,23013.0,21.0,16,16,0,3.1724e-320,{'SMART 197: Current Pending Sector Count': 'Critical'}
3576,92.77,preventative measures,200108056,0,24,0,2.76527976e-315,25826,0,24,0.0,148951.0,23.0,0,0,0,1.06621800525532e-309,{}
3588,98.14,preventative measures,18,6066,31,0,0.0,14773,0,30,5.0,230616.0,23.0,0,0,0,0.0,{'SMART 3: Spin-Up Time': 'Critical'}
3604,95.36,preventative measures,190985712,0,8,0,2.22852647e-315,8456,0,8,0.0,3878.0,23.0,0,0,0,4.1694e-320,{}
3616,95.75,preventative measures,204868528,0,2,8,8.9483899e-316,4398,0,2,0.0,38951.0,26.0,0,0,0,2.013e-320,{'SMART 5: Reallocated Sectors Count': 'Critical'}
3646,189.21,preventative measures,458756,628,33,1,0.0,47688,0,32,1370.0,1370.0,27.0,0,0,0,0.0,{'SMART 5: Reallocated Sectors Count': 'Warning'}
3665,188.36,preventative measures,138137264,0,8,0,3.930798314e-315,14578,0,8,1.0,15678.0,26.0,0,0,0,7.0834e-320,{}
3668,113.28,preventative measures,0,4183,26,0,0.0,32708,0,23,11.0,26.0,31.0,0,0,0,0.0,{'SMART 3: Spin-Up Time': 'Warning'}
3682,112.31,preventative measures,91374776,0,13,0,2.69683903e-315,25792,0,13,0.0,173051.0,26.0,0,0,0,6.4578697919113e-310,{}
3691,109.85,preventative measures,5966208,0,21,0,2.960205937e-315,27157,0,21,0.0,149016.0,33.0,0,0,0,5.89426770989915e-310,{}
3696,184.64,preventative measures,16283984,0,3,0,8.4497109e-316,4399,0,3,0.0,38743.0,36.0,0,0,0,2.0227e-320,{}
3699,94.81,preventative measures,214100448,0,3,0,8.0349774e-316,4255,0,3,0.0,39025.0,35.0,8,8,0,1.948e-320,{'SMART 197: Current Pending Sector Count': 'Warning'}
3707,190.3,preventative measures,29537008,0,1,0,1.6699677e-316,1022,0,1,0.0,6739.0,29.0,0,0,0,4.35e-321,{}
3710,99.45,preventative measures,62894056,0,2,0,8.13541625e-316,4421,0,2,0.0,40224.0,38.0,0,0,0,2.021e-320,{}
3712,105.07,preventative measures,169238936,0,5,0,3.19068156e-315,21137,0,5,2.0,4639.0,22.0,0,0,0,3.9513683633987e-310,{}
3716,124.83,preventative measures,0,4183,26,0,0.0,32589,0,23,11.0,26.0,31.0,0,0,0,0.0,{'SMART 3: Spin-Up Time': 'Warning'}
3718,95.06,preventative measures,0,4158,38,0,0.0,29136,0,36,26.0,38.0,38.0,0,0,2,0.0,{'SMART 3: Spin-Up Time': 'Warning'}
3721,95.44,preventative measures,131800960,0,15,0,2.081072276e-315,19776,0,14,3.0,10698.0,22.0,0,0,0,5.99930650119235e-310,{}
3722,88.35,preventative measures,88351800,0,7,0,2.322676746e-315,19379,0,7,1.0,19210.0,25.0,0,0,0,8.7492008466814e-310,{}
3723,154.19,preventative measures,142831880,0,13,0,1.61789655e-315,7883,0,13,0.0,44084.0,22.0,0,0,0,3.8137e-320,{}
3726,107.1,preventative measures,216437552,0,9,0,4.042342586e-315,17086,0,9,1.0,58298.0,32.0,0,0,0,8.3255e-320,{}
3733,157.47,preventative measures,33570288,0,29,0,1.516908697e-314,23059,0,29,12.0,29.0,30.0,0,0,0,1.00226105210264e-309,{}
3744,96.6,preventative measures,137605928,0,13,0,3.312669405e-315,22032,0,13,6.0,18078.0,25.0,0,0,0,1.0849e-319,{}
3752,184.77,preventative measures,96337168,0,64,0,2.28104154e-314,18047,0,64,46.0,5357.0,22.0,0,0,0,8.8186e-320,{}
3754,157.47,preventative measures,33570288,0,29,0,1.516908697e-314,23059,0,29,12.0,29.0,30.0,0,0,0,1.00226105210264e-309,{}
3764,100.69,preventative measures,233594056,0,23,0,1.82539223e-315,18192,0,23,11.0,31294.0,22.0,0,0,1,8.9263e-320,{}
3770,103.82,preventative measures,82617360,0,7,0,1.985842284e-315,20335,0,7,1.0,8760.0,20.0,0,0,0,1.0023e-319,{}
3787,103.94,preventative measures,145017736,0,13,0,2.71804173e-315,26083,0,13,0.0,178257.0,25.0,0,0,0,1.2453993309984e-310,{}
3789,86.72,preventative measures,0,4158,38,0,0.0,29328,0,36,26.0,38.0,38.0,0,0,2,0.0,{'SMART 3: Spin-Up Time': 'Warning'}
3800,102.92,preventative measures,232559608,0,9,0,7.0653402e-316,17767,0,9,1.0,25119.0,34.0,0,0,0,5.6827047290764e-310,{}
3811,87.41,preventative measures,4259096,0,22,0,2.914242615e-315,25955,0,22,0.0,177773.0,28.0,0,0,0,3.5853240896889e-310,{}
3831,101.87,preventative measures,0,4208,24,0,0.0,33034,0,21,12.0,24.0,34.0,0,0,0,0.0,{'SMART 3: Spin-Up Time': 'Warning'}
3841,83.45,preventative measures,71697121,570,15,217,0.0,25581,0,15,18.0,18.0,20.0,0,0,0,0.0,{'SMART 5: Reallocated Sectors Count': 'Critical'}
3852,105.04,preventative measures,0,634,113,256,0.0,40609,0,111,1088.0,1088.0,31.0,0,0,0,0.0,{'SMART 5: Reallocated Sectors Count': 'Critical'}
3887,96.02,preventative measures,215126544,0,2,0,8.0523321e-316,4349,0,2,0.0,40008.0,38.0,0,0,0,1.9856e-320,{}
3891,109.97,preventative measures,23205568,0,11,0,3.22322228e-315,21601,0,11,5.0,15288.0,26.0,0,0,0,1.0642e-319,{}
3893,95.05,preventative measures,178972464,0,7,0,3.01579636e-315,10766,0,7,3.0,4890.0,20.0,0,0,0,5.31e-320,{}
3905,87.57,preventative measures,4128768,566,32,545,0.0,38427,0,32,1463.0,1463.0,29.0,0,0,0,0.0,{'SMART 5: Reallocated Sectors Count': 'Critical'}
3906,90.36,preventative measures,180528448,0,8,0,3.514509465e-315,21988,0,8,3.0,9304.0,27.0,0,0,0,1.85992931186514e-310,{}
3907,85.08,preventative measures,720903,628,34,1,0.0,48000,0,33,1376.0,1376.0,27.0,0,0,0,0.0,{'SMART 5: Reallocated Sectors Count': 'Warning'}
3936,118.34,preventative measures,115098968,0,8,0,4.01135963e-315,15009,0,8,1.0,15676.0,29.0,0,0,0,7.289e-320,{}
3945,112.16,preventative measures,143154896,0,22,0,2.345134025e-315,20929,0,22,5.0,75868.0,22.0,0,0,2,8.2819373735755e-310,{}
3952,102.79,preventative measures,7,434,30,0,0.0,17029,1,29,685.0,685.0,23.0,0,0,157,0.0,{'SMART 199: UltraDMA CRC Error Count': 'Critical'}
3956,93.3,preventative measures,0,4058,61,0,0.0,35826,0,59,17.0,43.0,39.0,0,0,0,0.0,{'SMART 3: Spin-Up Time': 'Warning'}
3966,87.02,preventative measures,0,4158,38,0,0.0,29304,0,36,26.0,38.0,38.0,0,0,2,0.0,{'SMART 3: Spin-Up Time': 'Warning'}
3978,113.62,preventative measures,95433928,0,11,0,4.039412273e-315,17279,0,11,1.0,64883.0,30.0,0,0,304,8.4036e-320,{'SMART 199: UltraDMA CRC Error Count': 'Critical'}
3984,106.68,preventative measures,0,4183,26,0,0.0,32805,0,23,11.0,26.0,31.0,0,0,0,0.0,{'SMART 3: Spin-Up Time': 'Warning'}
4004,81.83,preventative measures,64345976,0,7,0,2.610190837e-315,11070,0,7,1.0,30517.0,25.0,0,0,0,5.413e-320,{}
4018,88.04,preventative measures,94342824,0,8,0,2.475779087e-315,9826,0,8,0.0,3041.0,34.0,0,0,0,4.8483e-320,{}
4030,123.25,preventative measures,0,560,19,99,0.0,37023,0,19,1348.0,1348.0,29.0,0,0,12251,0.0,"{'SMART 5: Reallocated Sectors Count': 'Critical', 'SMART 199: UltraDMA CRC Error Count': 'Critical'}"
4031,89.98,preventative measures,218314688,0,7,0,3.0272362e-315,10815,0,7,3.0,4890.0,19.0,0,0,0,5.3344e-320,{}
4034,107.18,preventative measures,110614736,0,10,0,2.897468336e-315,26780,0,10,0.0,136016.0,31.0,0,0,0,6.87972255520495e-310,{}
4105,119.22,preventative measures,149916216,0,8,0,3.53825889e-315,22108,0,8,3.0,9306.0,28.0,0,0,0,2.822678802232e-310,{}
4109,161.29,preventative measures,8913005,572,15,1,0.0,23942,0,15,20.0,20.0,21.0,16,0,0,0.0,"{'SMART 5: Reallocated Sectors Count': 'Warning', 'SMART 197: Current Pending Sector Count': 'Critical'}"
4115,105.32,preventative measures,14944784,0,13,0,3.08427632e-315,26871,0,13,0.0,141934.0,34.0,0,0,0,9.5356124871811e-310,{}
4120,91.0,preventative measures,58114600,0,20,0,2.81027063e-315,25861,0,20,0.0,160732.0,28.0,0,0,0,9.34017667478244e-310,{}
4122,105.22,preventative measures,18,6066,31,0,0.0,14558,0,30,5.0,230614.0,24.0,0,0,0,0.0,{'SMART 3: Spin-Up Time': 'Critical'}
4175,89.04,preventative measures,0,4133,16,0,0.0,36235,0,15,6.0,9.0,29.0,0,0,0,0.0,{'SMART 3: Spin-Up Time': 'Warning'}
4187,110.37,preventative measures,0,650,136,0,0.0,2270,0,136,38.0,22418.0,29.0,0,0,0,0.0,{}
4192,130.81,preventative measures,41082800,0,5,0,6.54133296e-316,15488,0,5,3.0,5913.0,28.0,0,0,0,1.31232707704073e-309,{}
4217,170.52,preventative measures,183544483,0,28,0,1.498686795e-314,23061,0,28,11.0,28.0,30.0,0,0,0,1.34992884249441e-309,{}
4226,81.76,preventative measures,95789176,0,13,0,6.6412803e-316,16447,0,13,2.0,28183.0,24.0,0,0,2,8.068e-320,{}
4233,117.44,preventative measures,89653448,0,8,0,1.818924557e-315,17597,0,8,4.0,579.0,35.0,0,0,0,9.5489819284e-313,{}
4235,127.0,preventative measures,226782400,0,2,0,2.16295041e-315,9967,0,2,0.0,9642.0,32.0,0,0,0,4.892e-320,{}
4238,99.35,preventative measures,28404968,0,9,0,1.555360263e-315,21506,0,9,3.0,19874.0,27.0,0,0,0,1.0526e-319,{}
4240,99.59,preventative measures,0,4183,26,0,0.0,32948,0,23,11.0,26.0,31.0,0,0,0,0.0,{'SMART 3: Spin-Up Time': 'Warning'}
4251,157.56,preventative measures,0,8875,7,0,0.0,9429,0,7,0.0,492.0,26.0,0,0,0,0.0,{'SMART 3: Spin-Up Time': 'Critical'}
4260,99.84,preventative measures,65537,628,34,1,0.0,48024,0,33,1377.0,1377.0,27.0,0,0,0,0.0,{'SMART 5: Reallocated Sectors Count': 'Warning'}
4273,194.49,preventative measures,80290960,0,5,0,3.72763953e-316,2647,0,5,0.0,42805.0,22.0,0,0,0,7.777e-321,{}
4275,80.57,preventative measures,171935352,0,13,0,1.674874545e-315,7234,0,13,0.0,10739.0,32.0,0,0,0,3.542e-320,{}
4285,104.77,preventative measures,37910776,0,7,0,2.42133667e-315,7141,0,7,0.0,7590.0,23.0,0,0,0,3.5133e-320,{}
4296,134.98,preventative measures,217450136,0,3,0,1.56173689e-315,7880,0,3,0.0,43652.0,18.0,8,8,0,3.8196e-320,{'SMART 197: Current Pending Sector Count': 'Warning'}
4313,118.58,preventative measures,220188712,0,9,0,6.5953442e-316,17551,0,9,1.0,25119.0,31.0,0,0,0,9.01636011667215e-310,{}
4330,101.62,preventative measures,0,483,9,5,0.0,19905,0,8,10.0,10.0,25.0,0,0,0,0.0,{'SMART 5: Reallocated Sectors Count': 'Warning'}
4334,82.34,preventative measures,238782360,0,17,0,3.577656983e-315,22855,0,17,5.0,13664.0,27.0,0,0,0,1.25182897707676e-309,{}
4337,112.83,preventative measures,87607568,0,1,0,1.23546097e-315,6297,0,1,0.0,19456.0,31.0,0,0,0,3.0504e-320,{}
4344,108.57,preventative measures,65411616,0,55,0,2.269110613e-315,20375,0,55,49.0,12770.0,27.0,0,0,2,7.51547249386263e-310,{}
4367,109.75,preventative measures,51563496,0,2,0,7.480952e-316,4060,0,2,0.0,40008.0,37.0,0,0,0,1.8434e-320,{}
4379,109.18,preventative measures,91102096,0,3,0,1.63733631e-315,8287,0,3,0.0,43654.0,20.0,8,8,0,4.0207e-320,{'SMART 197: Current Pending Sector Count': 'Warning'}
4386,109.36,preventative measures,221793456,0,1,0,2.5866435e-316,1358,0,1,0.0,6749.0,30.0,0,0,0,6.01e-321,{}
4391,87.55,preventative measures,94415136,0,5,0,1.40896593e-315,17270,0,5,1.0,6174.0,16.0,0,0,0,1.7026894235226e-310,{}
4409,127.51,preventative measures,56053064,0,8,0,2.43478464e-315,9609,0,8,0.0,3041.0,33.0,0,0,0,4.7415e-320,{}
4432,98.23,preventative measures,73564032,0,4,0,3.7263633e-316,1837,0,4,0.0,10238.0,32.0,0,0,0,8.46e-321,{}
4437,178.78,preventative measures,36477847,0,25,0,1.7964852484e-314,25155,0,25,10.0,25.0,34.0,0,0,0,8.07143539133743e-310,{}
4472,177.38,preventative measures,140165616,0,3,0,8.55558736e-316,4447,0,3,0.0,38767.0,35.0,0,0,0,2.0464e-320,{}
4480,119.04,preventative measures,0,612,19,53,0.0,43004,0,19,1105.0,1105.0,39.0,0,0,0,0.0,{'SMART 5: Reallocated Sectors Count': 'Critical'}
4494,114.72,preventative measures,1641864,0,7,0,2.38659676e-315,7020,0,7,0.0,7590.0,23.0,0,0,0,3.4535e-320,{}
4507,115.91,preventative measures,241422248,0,4,0,3.15742305e-316,1597,0,4,0.0,10238.0,32.0,0,0,0,7.273e-321,{}
4520,113.86,preventative measures,0,4208,30,0,0.0,34092,0,29,13.0,30.0,27.0,0,0,0,0.0,{'SMART 3: Spin-Up Time': 'Warning'}
4522,110.18,preventative measures,142249352,0,2,0,2.187407545e-315,10111,0,2,0.0,9642.0,29.0,0,0,0,4.964e-320,{}
4530,86.23,preventative measures,130110024,0,17,0,3.54299679e-315,22687,0,17,5.0,13664.0,27.0,0,0,0,6.9020035108115e-310,{}
4544,194.18,preventative measures,131172800,0,15,0,2.28263447e-315,19524,0,15,6.0,15977.0,29.0,0,0,0,3.528879009953e-311,{}
4561,153.73,preventative measures,243727864,0,20,0,2.84022172e-315,26274,0,20,0.0,168352.0,27.0,0,0,0,8.07716478001997e-310,{}
4570,170.65,preventative measures,63900552,0,7,0,2.201462433e-315,18971,0,7,1.0,19207.0,23.0,0,0,0,5.5649339627388e-310,{}
4593,110.25,preventative measures,101591928,0,20,121,7.707429e-316,27196,0,20,0.0,132962.0,25.0,0,0,0,4.8551263830985e-311,{'SMART 5: Reallocated Sectors Count': 'Critical'}
4595,102.73,preventative measures,131072,567,15,456,0.0,37275,0,15,1374.0,1374.0,24.0,0,0,0,0.0,{'SMART 5: Reallocated Sectors Count': 'Critical'}
4612,83.05,preventative measures,0,4133,16,0,0.0,36330,0,15,6.0,9.0,30.0,0,0,0,0.0,{'SMART 3: Spin-Up Time': 'Warning'}
4642,99.8,preventative measures,89951248,0,14,8,1.97316973e-315,18410,0,14,8.0,7004.0,28.0,0,0,0,9.079e-320,{'SMART 5: Reallocated Sectors Count': 'Critical'}
4648,139.46,preventative measures,185058400,0,10,0,2.08910751e-315,18870,0,11,2.0,9014.0,25.0,0,0,0,9.3047e-320,{}
4649,89.68,preventative measures,63385296,0,2,0,1.511731915e-315,7902,0,2,0.0,35667.0,23.0,0,0,0,3.837e-320,{}
4669,104.85,preventative measures,201134232,0,5,0,3.205968246e-315,21209,0,5,2.0,4639.0,22.0,0,0,0,1.2832132948171e-309,{}
4691,123.81,preventative measures,67384792,0,55,0,2.18161533e-315,19942,0,55,49.0,10497.0,28.0,0,0,2,6.3740509578815e-310,{}
4700,134.04,preventative measures,89085424,0,15,0,2.08012879e-315,19727,0,14,3.0,7990.0,22.0,0,0,0,8.231221682889e-311,{}
4713,106.98,preventative measures,98044472,0,5,0,8.2947308e-316,2557,0,5,0.0,2073.0,29.0,0,0,0,1.2386e-320,{}
4720,101.96,preventative measures,62472240,0,13,0,3.094642786e-315,27017,0,13,0.0,144720.0,31.0,0,0,0,1.11472682904263e-309,{}
4729,104.78,preventative measures,0,4208,30,0,0.0,34307,0,29,13.0,30.0,29.0,0,0,0,0.0,{'SMART 3: Spin-Up Time': 'Warning'}
4733,101.04,preventative measures,94538016,0,11,0,3.236743807e-315,21767,0,11,4.0,17754.0,25.0,0,0,0,1.0719e-319,{}
4737,100.7,preventative measures,32192472,0,4,0,3.4196905e-316,1717,0,4,0.0,10238.0,32.0,0,0,0,7.866e-321,{}
4742,135.03,preventative measures,117247832,0,9,0,4.034471186e-315,17039,0,9,1.0,58298.0,33.0,0,0,0,8.3023e-320,{}
4745,102.08,preventative measures,135697192,0,26,0,7.5146704e-316,17586,0,26,6.0,30765.0,22.0,0,0,0,8.5577e-320,{}
4788,92.88,preventative measures,27459699,566,32,545,0.0,38355,0,32,1460.0,1460.0,29.0,0,0,0,0.0,{'SMART 5: Reallocated Sectors Count': 'Critical'}
4792,86.32,preventative measures,100388504,0,8,0,2.45779157e-315,9730,0,8,0.0,3041.0,36.0,0,0,0,4.801e-320,{}
4803,129.97,preventative measures,0,561,23,0,0.0,37119,0,23,1348.0,1348.0,31.0,0,0,0,0.0,{}
4805,89.8,preventative measures,0,4158,38,0,0.0,29280,0,36,26.0,38.0,38.0,0,0,2,0.0,{'SMART 3: Spin-Up Time': 'Warning'}
4820,103.3,preventative measures,0,4091,22,0,0.0,32877,0,20,11.0,22.0,32.0,0,0,0,0.0,{'SMART 3: Spin-Up Time': 'Warning'}
4831,122.86,preventative measures,224800136,0,14,0,2.16599466e-315,19469,0,14,6.0,25971.0,31.0,0,0,0,1.31973284237039e-309,{}
4841,106.93,preventative measures,216345480,0,9,0,1.41296328e-315,17162,0,9,4.0,35110.0,20.0,0,0,0,8.409e-320,{}
4874,175.14,preventative measures,84413192,0,4,0,1.7219053e-316,1063,0,4,0.0,6673.0,30.0,0,0,0,4.47e-321,{}
4908,115.03,preventative measures,0,4183,26,0,0.0,32637,0,23,11.0,26.0,31.0,0,0,0,0.0,{'SMART 3: Spin-Up Time': 'Warning'}
4909,115.02,preventative measures,201019640,0,7,0,1.990858987e-315,20359,0,7,1.0,8760.0,19.0,0,0,0,1.00345e-319,{}
4914,110.9,preventative measures,60170096,0,1,0,1.3867264e-315,6369,0,1,0.0,17495.0,26.0,0,0,0,3.0904e-320,{}
4921,113.65,preventative measures,0,4091,22,0,0.0,32614,0,20,11.0,22.0,32.0,0,0,0,0.0,{'SMART 3: Spin-Up Time': 'Warning'}
4955,115.08,preventative measures,81485032,0,5,0,7.23340593e-316,15800,0,5,3.0,5913.0,29.0,0,0,0,7.29754352590664e-310,{}
4978,108.83,preventative measures,220940016,0,14,0,2.143410945e-315,19398,0,14,6.0,25971.0,31.0,0,0,0,2.45366373404313e-310,{}
4985,144.01,preventative measures,209854936,0,7,0,2.352143033e-315,6901,0,7,0.0,7590.0,22.0,0,0,0,3.3947e-320,{}
4987,119.55,preventative measures,113995618,0,29,0,1.524735715e-314,23154,0,29,12.0,29.0,31.0,0,0,0,7.05881899979e-310,{}
5000,104.55,preventative measures,52289088,0,1,0,1.393451606e-315,6416,0,1,0.0,17498.0,26.0,0,0,0,3.1136e-320,{}
5001,110.52,preventative measures,197629384,0,55,0,2.196216755e-315,20038,0,55,49.0,12195.0,26.0,0,0,2,3.02172200731897e-310,{}
5005,113.09,preventative measures,164636672,0,55,0,2.24912061e-315,20278,0,55,49.0,12770.0,27.0,0,0,2,1.9108572107604e-310,{}
